invoice_id,vendor,invoice_date,description,quantity,unit_price,amount,tax,total,currency
INV-2025-1001,Indus Office Supplies Pvt Ltd,2025-08-09,Box File,27,352.74,9523.98,6247.39,42996.73,PKR
INV-2025-1001,Indus Office Supplies Pvt Ltd,2025-08-09,Toner Cartridge HP 26A,2,13612.68,27225.36,6247.39,42996.73,PKR
INV-2025-1002,Karachi Logistics Co.,2025-08-09,Freight - Karachi to Lahore,1,44009.6,44009.6,11071.77,76199.85,PKR
INV-2025-1002,Karachi Logistics Co.,2025-08-09,Warehouse Handling,2,10559.24,21118.48,11071.77,76199.85,PKR
INV-2025-1003,Bolan Tech Services,2025-08-09,Server Maintenance (monthly),1,67603.01,67603.01,31199.99,214729.34,PKR
INV-2025-1003,Bolan Tech Services,2025-08-09,Network Switch 24-port,1,37123.81,37123.81,31199.99,214729.34,PKR
INV-2025-1003,Bolan Tech Services,2025-08-09,Firewall Licence (annual),1,78802.53,78802.53,31199.99,214729.34,PKR
INV-2025-1004,Sunrise Catering,2025-08-09,Staff Lunch (per head),79,487.04,38476.16,6540.95,45017.11,PKR
INV-2025-1005,Meezan Facility Management,2025-08-09,Pest Control,1,7848.57,7848.57,8131.71,55965.28,PKR
INV-2025-1005,Meezan Facility Management,2025-08-09,Janitorial Services (monthly),1,39985.0,39985.0,8131.71,55965.28,PKR
INV-2025-1006,Indus Office Supplies Pvt Ltd,2025-09-08,Box File,25,327.47,8186.75,10971.6,75510.4,PKR
INV-2025-1006,Indus Office Supplies Pvt Ltd,2025-09-08,Toner Cartridge HP 26A,5,11270.41,56352.05,10971.6,75510.4,PKR
INV-2025-1007,Karachi Logistics Co.,2025-09-08,Warehouse Handling,2,8433.49,16866.98,10277.16,70731.07,PKR
INV-2025-1007,Karachi Logistics Co.,2025-09-08,Freight - Karachi to Lahore,1,43586.93,43586.93,10277.16,70731.07,PKR
INV-2025-1008,Bolan Tech Services,2025-09-08,Network Switch 24-port,1,47421.82,47421.82,8061.71,55483.53,PKR
INV-2025-1009,Sunrise Catering,2025-09-08,Staff Lunch (per head),45,502.5,22612.5,3844.13,26456.63,PKR
INV-2025-1010,Meezan Facility Management,2025-09-08,Pest Control,1,7704.17,7704.17,8128.09,55940.36,PKR
INV-2025-1010,Meezan Facility Management,2025-09-08,Janitorial Services (monthly),1,40108.1,40108.1,8128.09,55940.36,PKR
INV-2025-1011,Indus Office Supplies Pvt Ltd,2025-10-08,A4 Paper Ream,18,961.06,17299.08,10681.6,73514.56,PKR
INV-2025-1011,Indus Office Supplies Pvt Ltd,2025-10-08,Toner Cartridge HP 26A,4,11383.47,45533.88,10681.6,73514.56,PKR
INV-2025-1012,Karachi Logistics Co.,2025-10-08,Freight - Karachi to Lahore,1,48042.45,48042.45,8167.22,56209.67,PKR
INV-2025-1013,Bolan Tech Services,2025-10-08,Server Maintenance (monthly),1,60422.57,60422.57,23946.05,164805.15,PKR
INV-2025-1013,Bolan Tech Services,2025-10-08,Firewall Licence (annual),1,80436.53,80436.53,23946.05,164805.15,PKR
INV-2025-1014,Sunrise Catering,2025-10-08,Staff Lunch (per head),63,420.91,26517.33,5663.01,38974.84,PKR
INV-2025-1014,Sunrise Catering,2025-10-08,Tea Service,50,135.89,6794.5,5663.01,38974.84,PKR
INV-2025-1015,Meezan Facility Management,2025-10-08,Janitorial Services (monthly),1,43278.86,43278.86,8670.67,59674.6,PKR
INV-2025-1015,Meezan Facility Management,2025-10-08,Pest Control,1,7725.07,7725.07,8670.67,59674.6,PKR
INV-2025-1016,Indus Office Supplies Pvt Ltd,2025-11-07,A4 Paper Ream,15,805.08,12076.2,2052.95,14129.15,PKR
INV-2025-1017,Karachi Logistics Co.,2025-11-07,Warehouse Handling,1,8582.59,8582.59,9155.42,63010.81,PKR
INV-2025-1017,Karachi Logistics Co.,2025-11-07,Freight - Karachi to Lahore,1,45272.8,45272.8,9155.42,63010.81,PKR
INV-2025-1018,Bolan Tech Services,2025-11-07,Network Switch 24-port,1,43373.0,43373.0,32592.25,224311.37,PKR
INV-2025-1018,Bolan Tech Services,2025-11-07,Firewall Licence (annual),1,80545.68,80545.68,32592.25,224311.37,PKR
INV-2025-1018,Bolan Tech Services,2025-11-07,Server Maintenance (monthly),1,67800.44,67800.44,32592.25,224311.37,PKR
INV-2025-1019,Sunrise Catering,2025-11-07,Staff Lunch (per head),90,414.54,37308.6,8034.52,55296.4,PKR
INV-2025-1019,Sunrise Catering,2025-11-07,Tea Service,81,122.88,9953.28,8034.52,55296.4,PKR
INV-2025-1020,Meezan Facility Management,2025-11-07,Pest Control,1,6802.49,6802.49,8458.14,58211.92,PKR
INV-2025-1020,Meezan Facility Management,2025-11-07,Janitorial Services (monthly),1,42951.29,42951.29,8458.14,58211.92,PKR
INV-2025-1021,Indus Office Supplies Pvt Ltd,2025-12-07,Box File,36,302.98,10907.28,1854.24,12761.52,PKR
INV-2025-1022,Karachi Logistics Co.,2025-12-07,Warehouse Handling,3,10773.63,32320.89,13692.23,94234.78,PKR
INV-2025-1022,Karachi Logistics Co.,2025-12-07,Freight - Karachi to Lahore,1,48221.66,48221.66,13692.23,94234.78,PKR
INV-2025-1023,Bolan Tech Services,2025-12-07,Firewall Licence (annual),1,98374.01,98374.01,33391.83,229814.33,PKR
INV-2025-1023,Bolan Tech Services,2025-12-07,Server Maintenance (monthly),1,58368.71,58368.71,33391.83,229814.33,PKR
INV-2025-1023,Bolan Tech Services,2025-12-07,Network Switch 24-port,1,39679.78,39679.78,33391.83,229814.33,PKR
INV-2025-1024,Sunrise Catering,2025-12-07,Staff Lunch (per head),51,458.13,23364.63,3971.99,27336.62,PKR
INV-2025-1025,Meezan Facility Management,2025-12-07,Janitorial Services (monthly),1,42242.49,42242.49,7181.22,49423.71,PKR
INV-2025-1026,Indus Office Supplies Pvt Ltd,2026-01-06,Box File,32,358.44,11470.08,5042.89,34706.97,PKR
INV-2025-1026,Indus Office Supplies Pvt Ltd,2026-01-06,A4 Paper Ream,22,827.0,18194.0,5042.89,34706.97,PKR
INV-2025-1027,Karachi Logistics Co.,2026-01-06,Freight - Karachi to Lahore,1,43173.92,43173.92,8891.38,61193.63,PKR
INV-2025-1027,Karachi Logistics Co.,2026-01-06,Warehouse Handling,1,9128.33,9128.33,8891.38,61193.63,PKR
INV-2025-1028,Bolan Tech Services,2026-01-06,Server Maintenance (monthly),1,66429.01,66429.01,11292.93,77721.94,PKR
INV-2025-1029,Sunrise Catering,2026-01-06,Staff Lunch (per head),96,503.06,48293.76,8209.94,56503.7,PKR
INV-2025-1030,Meezan Facility Management,2026-01-06,Janitorial Services (monthly),1,42046.48,42046.48,8531.96,58719.98,PKR
INV-2025-1030,Meezan Facility Management,2026-01-06,Pest Control,1,8141.54,8141.54,8531.96,58719.98,PKR
INV-2025-1031,Indus Office Supplies Pvt Ltd,2026-02-05,Box File,33,313.41,10342.53,5509.11,37915.64,PKR
INV-2025-1031,Indus Office Supplies Pvt Ltd,2026-02-05,A4 Paper Ream,25,882.56,22064.0,5509.11,37915.64,PKR
INV-2025-1032,Karachi Logistics Co.,2026-02-05,Freight - Karachi to Lahore,1,54636.66,54636.66,9288.23,63924.89,PKR
INV-2025-1033,Bolan Tech Services,2026-02-05,Firewall Licence (annual),1,94257.67,94257.67,23124.79,159152.97,PKR
INV-2025-1033,Bolan Tech Services,2026-02-05,Network Switch 24-port,1,41770.51,41770.51,23124.79,159152.97,PKR
INV-2025-1034,Sunrise Catering,2026-02-05,Staff Lunch (per head),53,406.26,21531.78,3660.4,25192.18,PKR
INV-2025-1035,Meezan Facility Management,2026-02-05,Janitorial Services (monthly),1,34555.3,34555.3,5874.4,40429.7,PKR
INV-2025-1036,Indus Office Supplies Pvt Ltd,2026-03-07,Box File,43,312.21,13425.03,8221.74,56584.9,PKR
INV-2025-1036,Indus Office Supplies Pvt Ltd,2026-03-07,Toner Cartridge HP 26A,1,12988.21,12988.21,8221.74,56584.9,PKR
INV-2025-1036,Indus Office Supplies Pvt Ltd,2026-03-07,A4 Paper Ream,24,914.58,21949.92,8221.74,56584.9,PKR
INV-2025-1037,Karachi Logistics Co.,2026-03-07,Warehouse Handling,3,9167.59,27502.77,12277.42,84497.54,PKR
INV-2025-1037,Karachi Logistics Co.,2026-03-07,Freight - Karachi to Lahore,1,44717.35,44717.35,12277.42,84497.54,PKR
INV-2025-1038,Bolan Tech Services,2026-03-07,Server Maintenance (monthly),1,67054.51,67054.51,25093.74,172703.96,PKR
INV-2025-1038,Bolan Tech Services,2026-03-07,Firewall Licence (annual),1,80555.71,80555.71,25093.74,172703.96,PKR
INV-2025-1039,Sunrise Catering,2026-03-07,Tea Service,88,135.24,11901.12,5628.09,38734.5,PKR
INV-2025-1039,Sunrise Catering,2026-03-07,Staff Lunch (per head),51,415.79,21205.29,5628.09,38734.5,PKR
INV-2025-1040,Meezan Facility Management,2026-03-07,Pest Control,1,8220.25,8220.25,7955.59,54753.2,PKR
INV-2025-1040,Meezan Facility Management,2026-03-07,Janitorial Services (monthly),1,38577.36,38577.36,7955.59,54753.2,PKR
INV-2025-1041,Indus Office Supplies Pvt Ltd,2026-04-06,Toner Cartridge HP 26A,1,11102.33,11102.33,8231.97,56655.3,PKR
INV-2025-1041,Indus Office Supplies Pvt Ltd,2026-04-06,Box File,42,285.05,11972.1,8231.97,56655.3,PKR
INV-2025-1041,Indus Office Supplies Pvt Ltd,2026-04-06,A4 Paper Ream,29,874.1,25348.9,8231.97,56655.3,PKR
INV-2025-1042,Karachi Logistics Co.,2026-04-06,Freight - Karachi to Lahore,1,44610.18,44610.18,12182.93,83847.23,PKR
INV-2025-1042,Karachi Logistics Co.,2026-04-06,Warehouse Handling,3,9018.04,27054.12,12182.93,83847.23,PKR
INV-2025-1043,Bolan Tech Services,2026-04-06,Server Maintenance (monthly),1,59148.65,59148.65,10055.27,69203.92,PKR
INV-2025-1044,Sunrise Catering,2026-04-06,Tea Service,110,126.96,13965.6,2374.15,16339.75,PKR
INV-2025-1045,Meezan Facility Management,2026-04-06,Pest Control,1,7992.73,7992.73,1358.76,9351.49,PKR
INV-2025-1046,Indus Office Supplies Pvt Ltd,2026-05-06,Box File,17,304.26,5172.42,3793.13,26105.64,PKR
INV-2025-1046,Indus Office Supplies Pvt Ltd,2026-05-06,A4 Paper Ream,19,902.11,17140.09,3793.13,26105.64,PKR
INV-2025-1047,Karachi Logistics Co.,2026-05-06,Warehouse Handling,3,10088.48,30265.44,5145.12,35410.56,PKR
INV-2025-1048,Bolan Tech Services,2026-05-06,Server Maintenance (monthly),1,72285.77,72285.77,12288.58,84574.35,PKR
INV-2025-1049,Sunrise Catering,2026-05-06,Staff Lunch (per head),66,469.19,30966.54,7379.14,50785.84,PKR
INV-2025-1049,Sunrise Catering,2026-05-06,Tea Service,106,117.36,12440.16,7379.14,50785.84,PKR
INV-2025-1050,Meezan Facility Management,2026-05-06,Pest Control,1,6999.54,6999.54,8249.21,56774.0,PKR
INV-2025-1050,Meezan Facility Management,2026-05-06,Janitorial Services (monthly),1,41525.25,41525.25,8249.21,56774.0,PKR
INV-2025-1051,Indus Office Supplies Pvt Ltd,2026-06-05,Box File,20,314.07,6281.4,14520.05,99932.13,PKR
INV-2025-1051,Indus Office Supplies Pvt Ltd,2026-06-05,A4 Paper Ream,11,816.48,8981.28,14520.05,99932.13,PKR
INV-2025-1051,Indus Office Supplies Pvt Ltd,2026-06-05,Toner Cartridge HP 26A,5,14029.88,70149.4,14520.05,99932.13,PKR
INV-2025-1052,Karachi Logistics Co.,2026-06-05,Freight - Karachi to Lahore,1,42703.44,42703.44,8857.74,60962.08,PKR
INV-2025-1052,Karachi Logistics Co.,2026-06-05,Warehouse Handling,1,9400.9,9400.9,8857.74,60962.08,PKR
INV-2025-1053,Bolan Tech Services,2026-06-05,Network Switch 24-port,1,46433.63,46433.63,17718.57,121945.46,PKR
INV-2025-1053,Bolan Tech Services,2026-06-05,Server Maintenance (monthly),1,57793.26,57793.26,17718.57,121945.46,PKR
INV-2025-1054,Sunrise Catering,2026-06-05,Staff Lunch (per head),39,456.43,17800.77,5020.42,34552.28,PKR
INV-2025-1054,Sunrise Catering,2026-06-05,Tea Service,89,131.81,11731.09,5020.42,34552.28,PKR
INV-2025-1055,Meezan Facility Management,2026-06-05,Pest Control,1,7456.87,7456.87,8348.48,57457.21,PKR
INV-2025-1055,Meezan Facility Management,2026-06-05,Janitorial Services (monthly),1,41651.86,41651.86,8348.48,57457.21,PKR
INV-2025-1056,Indus Office Supplies Pvt Ltd,2026-07-05,Box File,22,313.32,6893.04,11164.7,76839.42,PKR
INV-2025-1056,Indus Office Supplies Pvt Ltd,2026-07-05,A4 Paper Ream,33,947.02,31251.66,11164.7,76839.42,PKR
INV-2025-1056,Indus Office Supplies Pvt Ltd,2026-07-05,Toner Cartridge HP 26A,2,13765.01,27530.02,11164.7,76839.42,PKR
INV-2025-1057,Karachi Logistics Co.,2026-07-05,Warehouse Handling,2,8642.27,17284.54,10919.08,75148.96,PKR
INV-2025-1057,Karachi Logistics Co.,2026-07-05,Freight - Karachi to Lahore,1,46945.34,46945.34,10919.08,75148.96,PKR
INV-2025-1058,Bolan Tech Services,2026-07-05,Server Maintenance (monthly),1,68877.68,68877.68,35879.1,246932.62,PKR
INV-2025-1058,Bolan Tech Services,2026-07-05,Network Switch 24-port,1,42842.77,42842.77,35879.1,246932.62,PKR
INV-2025-1058,Bolan Tech Services,2026-07-05,Firewall Licence (annual),1,99333.07,99333.07,35879.1,246932.62,PKR
INV-2025-1059,Sunrise Catering,2026-07-05,Tea Service,68,109.56,7450.08,6613.38,45515.62,PKR
INV-2025-1059,Sunrise Catering,2026-07-05,Staff Lunch (per head),64,491.44,31452.16,6613.38,45515.62,PKR
INV-2025-1060,Meezan Facility Management,2026-07-05,Pest Control,1,7804.9,7804.9,7229.08,49753.06,PKR
INV-2025-1060,Meezan Facility Management,2026-07-05,Janitorial Services (monthly),1,34719.08,34719.08,7229.08,49753.06,PKR
INV-2025-1061,Indus Office Supplies Pvt Ltd,2026-08-04,A4 Paper Ream,14,798.22,11175.08,1899.76,13074.84,PKR
INV-2025-1062,Karachi Logistics Co.,2026-08-04,Warehouse Handling,1,9592.09,9592.09,10046.73,69145.13,PKR
INV-2025-1062,Karachi Logistics Co.,2026-08-04,Freight - Karachi to Lahore,1,49506.31,49506.31,10046.73,69145.13,PKR
INV-2025-1063,Bolan Tech Services,2026-08-04,Firewall Licence (annual),1,97545.38,97545.38,35534.21,244558.95,PKR
INV-2025-1063,Bolan Tech Services,2026-08-04,Network Switch 24-port,1,43872.43,43872.43,35534.21,244558.95,PKR
INV-2025-1063,Bolan Tech Services,2026-08-04,Server Maintenance (monthly),1,67606.93,67606.93,35534.21,244558.95,PKR
INV-2025-1064,Sunrise Catering,2026-08-04,Staff Lunch (per head),73,495.6,36178.8,6150.4,42329.2,PKR
INV-2025-1065,Meezan Facility Management,2026-08-04,Janitorial Services (monthly),1,39643.49,39643.49,6739.39,46382.88,PKR
